BEGIN TRANSACTION;
CREATE TABLE "auth_group" ("id" integer NOT NULL PRIMARY KEY AUTOINCREMENT, "name" varchar(150) NOT NULL UNIQUE);
CREATE TABLE "auth_group_permissions" ("id" integer NOT NULL PRIMARY KEY AUTOINCREMENT, "group_id" integer NOT NULL REFERENCES "auth_group" ("id") DEFERRABLE INITIALLY DEFERRED, "permission_id" integer NOT NULL REFERENCES "auth_permission" ("id") DEFERRABLE INITIALLY DEFERRED);
CREATE TABLE "auth_permission" ("id" integer NOT NULL PRIMARY KEY AUTOINCREMENT, "content_type_id" integer NOT NULL REFERENCES "django_content_type" ("id") DEFERRABLE INITIALLY DEFERRED, "codename" varchar(100) NOT NULL, "name" varchar(255) NOT NULL);
INSERT INTO "auth_permission" VALUES(1,1,'add_logentry','Can add log entry');
INSERT INTO "auth_permission" VALUES(2,1,'change_logentry','Can change log entry');
INSERT INTO "auth_permission" VALUES(3,1,'delete_logentry','Can delete log entry');
INSERT INTO "auth_permission" VALUES(4,1,'view_logentry','Can view log entry');
INSERT INTO "auth_permission" VALUES(5,2,'add_permission','Can add permission');
INSERT INTO "auth_permission" VALUES(6,2,'change_permission','Can change permission');
INSERT INTO "auth_permission" VALUES(7,2,'delete_permission','Can delete permission');
INSERT INTO "auth_permission" VALUES(8,2,'view_permission','Can view permission');
INSERT INTO "auth_permission" VALUES(9,3,'add_group','Can add group');
INSERT INTO "auth_permission" VALUES(10,3,'change_group','Can change group');
INSERT INTO "auth_permission" VALUES(11,3,'delete_group','Can delete group');
INSERT INTO "auth_permission" VALUES(12,3,'view_group','Can view group');
INSERT INTO "auth_permission" VALUES(13,4,'add_user','Can add user');
INSERT INTO "auth_permission" VALUES(14,4,'change_user','Can change user');
INSERT INTO "auth_permission" VALUES(15,4,'delete_user','Can delete user');
INSERT INTO "auth_permission" VALUES(16,4,'view_user','Can view user');
INSERT INTO "auth_permission" VALUES(17,5,'add_contenttype','Can add content type');
INSERT INTO "auth_permission" VALUES(18,5,'change_contenttype','Can change content type');
INSERT INTO "auth_permission" VALUES(19,5,'delete_contenttype','Can delete content type');
INSERT INTO "auth_permission" VALUES(20,5,'view_contenttype','Can view content type');
INSERT INTO "auth_permission" VALUES(21,6,'add_session','Can add session');
INSERT INTO "auth_permission" VALUES(22,6,'change_session','Can change session');
INSERT INTO "auth_permission" VALUES(23,6,'delete_session','Can delete session');
INSERT INTO "auth_permission" VALUES(24,6,'view_session','Can view session');
INSERT INTO "auth_permission" VALUES(25,7,'add_category','Can add category');
INSERT INTO "auth_permission" VALUES(26,7,'change_category','Can change category');
INSERT INTO "auth_permission" VALUES(27,7,'delete_category','Can delete category');
INSERT INTO "auth_permission" VALUES(28,7,'view_category','Can view category');
INSERT INTO "auth_permission" VALUES(29,8,'add_customer','Can add customer');
INSERT INTO "auth_permission" VALUES(30,8,'change_customer','Can change customer');
INSERT INTO "auth_permission" VALUES(31,8,'delete_customer','Can delete customer');
INSERT INTO "auth_permission" VALUES(32,8,'view_customer','Can view customer');
INSERT INTO "auth_permission" VALUES(33,9,'add_cart','Can add cart');
INSERT INTO "auth_permission" VALUES(34,9,'change_cart','Can change cart');
INSERT INTO "auth_permission" VALUES(35,9,'delete_cart','Can delete cart');
INSERT INTO "auth_permission" VALUES(36,9,'view_cart','Can view cart');
INSERT INTO "auth_permission" VALUES(37,10,'add_order','Can add order');
INSERT INTO "auth_permission" VALUES(38,10,'change_order','Can change order');
INSERT INTO "auth_permission" VALUES(39,10,'delete_order','Can delete order');
INSERT INTO "auth_permission" VALUES(40,10,'view_order','Can view order');
INSERT INTO "auth_permission" VALUES(41,11,'add_payment','Can add payment');
INSERT INTO "auth_permission" VALUES(42,11,'change_payment','Can change payment');
INSERT INTO "auth_permission" VALUES(43,11,'delete_payment','Can delete payment');
INSERT INTO "auth_permission" VALUES(44,11,'view_payment','Can view payment');
INSERT INTO "auth_permission" VALUES(45,12,'add_product','Can add product');
INSERT INTO "auth_permission" VALUES(46,12,'change_product','Can change product');
INSERT INTO "auth_permission" VALUES(47,12,'delete_product','Can delete product');
INSERT INTO "auth_permission" VALUES(48,12,'view_product','Can view product');
INSERT INTO "auth_permission" VALUES(49,13,'add_orderitem','Can add order item');
INSERT INTO "auth_permission" VALUES(50,13,'change_orderitem','Can change order item');
INSERT INTO "auth_permission" VALUES(51,13,'delete_orderitem','Can delete order item');
INSERT INTO "auth_permission" VALUES(52,13,'view_orderitem','Can view order item');
INSERT INTO "auth_permission" VALUES(53,14,'add_cartitem','Can add cart item');
INSERT INTO "auth_permission" VALUES(54,14,'change_cartitem','Can change cart item');
INSERT INTO "auth_permission" VALUES(55,14,'delete_cartitem','Can delete cart item');
INSERT INTO "auth_permission" VALUES(56,14,'view_cartitem','Can view cart item');
INSERT INTO "auth_permission" VALUES(57,15,'add_review','Can add review');
INSERT INTO "auth_permission" VALUES(58,15,'change_review','Can change review');
INSERT INTO "auth_permission" VALUES(59,15,'delete_review','Can delete review');
INSERT INTO "auth_permission" VALUES(60,15,'view_review','Can view review');
CREATE TABLE "auth_user" ("id" integer NOT NULL PRIMARY KEY AUTOINCREMENT, "password" varchar(128) NOT NULL, "last_login" datetime NULL, "is_superuser" bool NOT NULL, "username" varchar(150) NOT NULL UNIQUE, "last_name" varchar(150) NOT NULL, "email" varchar(254) NOT NULL, "is_staff" bool NOT NULL, "is_active" bool NOT NULL, "date_joined" datetime NOT NULL, "first_name" varchar(150) NOT NULL);
INSERT INTO "auth_user" VALUES(1,'pbkdf2_sha256$870000$7YaQzWA24w8Rw3IGO9CwkE$fAFzkW0DHarEVYwnxLM7bJy2BGekyVU4oTXslLWUTtk=',NULL,0,'john_doe','Doe','john@example.com',0,1,'2025-11-29 15:15:57.817325','John');
INSERT INTO "auth_user" VALUES(2,'pbkdf2_sha256$870000$S08IRe4AnENjeHwGw6qwd3$50cEWy/NdWgMwhZxHf3D0xU56N1Xa9YNL1p1UU0s6Zg=',NULL,0,'jane_smith','Smith','jane@example.com',0,1,'2025-11-29 15:15:58.453501','Jane');
INSERT INTO "auth_user" VALUES(3,'pbkdf2_sha256$870000$lXoSNFolshRTtZ90jQc2CG$p80cVi1d4rKI2mT6j1IIUJBFdg6aui7pZni/AqZnhO4=','2025-11-29 17:17:58.202586',1,'admin','','admin@example.com',1,1,'2025-11-29 15:16:22.063580','');
INSERT INTO "auth_user" VALUES(4,'pbkdf2_sha256$870000$Kor92zVSb91dGATiDXECX8$jq/SXIcKihxYBQDufaQK8UUtw23uWU2KZ1/HVGH/o7w=','2025-11-29 17:09:09.658418',0,'bob','','bob@gmail.com',0,1,'2025-11-29 17:02:15.635897','');
CREATE TABLE "auth_user_groups" ("id" integer NOT NULL PRIMARY KEY AUTOINCREMENT, "user_id" integer NOT NULL REFERENCES "auth_user" ("id") DEFERRABLE INITIALLY DEFERRED, "group_id" integer NOT NULL REFERENCES "auth_group" ("id") DEFERRABLE INITIALLY DEFERRED);
CREATE TABLE "auth_user_user_permissions" ("id" integer NOT NULL PRIMARY KEY AUTOINCREMENT, "user_id" integer NOT NULL REFERENCES "auth_user" ("id") DEFERRABLE INITIALLY DEFERRED, "permission_id" integer NOT NULL REFERENCES "auth_permission" ("id") DEFERRABLE INITIALLY DEFERRED);
CREATE TABLE "django_admin_log" ("id" integer NOT NULL PRIMARY KEY AUTOINCREMENT, "object_id" text NULL, "object_repr" varchar(200) NOT NULL, "action_flag" smallint unsigned NOT NULL CHECK ("action_flag" >= 0), "change_message" text NOT NULL, "content_type_id" integer NULL REFERENCES "django_content_type" ("id") DEFERRABLE INITIALLY DEFERRED, "user_id" integer NOT NULL REFERENCES "auth_user" ("id") DEFERRABLE INITIALLY DEFERRED, "action_time" datetime NOT NULL);
CREATE TABLE "django_content_type" ("id" integer NOT NULL PRIMARY KEY AUTOINCREMENT, "app_label" varchar(100) NOT NULL, "model" varchar(100) NOT NULL);
INSERT INTO "django_content_type" VALUES(1,'admin','logentry');
INSERT INTO "django_content_type" VALUES(2,'auth','permission');
INSERT INTO "django_content_type" VALUES(3,'auth','group');
INSERT INTO "django_content_type" VALUES(4,'auth','user');
INSERT INTO "django_content_type" VALUES(5,'contenttypes','contenttype');
INSERT INTO "django_content_type" VALUES(6,'sessions','session');
INSERT INTO "django_content_type" VALUES(7,'store','category');
INSERT INTO "django_content_type" VALUES(8,'store','customer');
INSERT INTO "django_content_type" VALUES(9,'store','cart');
INSERT INTO "django_content_type" VALUES(10,'store','order');
INSERT INTO "django_content_type" VALUES(11,'store','payment');
INSERT INTO "django_content_type" VALUES(12,'store','product');
INSERT INTO "django_content_type" VALUES(13,'store','orderitem');
INSERT INTO "django_content_type" VALUES(14,'store','cartitem');
INSERT INTO "django_content_type" VALUES(15,'store','review');
CREATE TABLE "django_migrations" ("id" integer NOT NULL PRIMARY KEY AUTOINCREMENT, "app" varchar(255) NOT NULL, "name" varchar(255) NOT NULL, "applied" datetime NOT NULL);
INSERT INTO "django_migrations" VALUES(1,'contenttypes','0001_initial','2025-11-29 15:14:36.033002');
INSERT INTO "django_migrations" VALUES(2,'auth','0001_initial','2025-11-29 15:14:36.069654');
INSERT INTO "django_migrations" VALUES(3,'admin','0001_initial','2025-11-29 15:14:36.099113');
INSERT INTO "django_migrations" VALUES(4,'admin','0002_logentry_remove_auto_add','2025-11-29 15:14:36.146205');
INSERT INTO "django_migrations" VALUES(5,'admin','0003_logentry_add_action_flag_choices','2025-11-29 15:14:36.160132');
INSERT INTO "django_migrations" VALUES(6,'contenttypes','0002_remove_content_type_name','2025-11-29 15:14:36.196931');
INSERT INTO "django_migrations" VALUES(7,'auth','0002_alter_permission_name_max_length','2025-11-29 15:14:36.223201');
INSERT INTO "django_migrations" VALUES(8,'auth','0003_alter_user_email_max_length','2025-11-29 15:14:36.245355');
INSERT INTO "django_migrations" VALUES(9,'auth','0004_alter_user_username_opts','2025-11-29 15:14:36.266346');
INSERT INTO "django_migrations" VALUES(10,'auth','0005_alter_user_last_login_null','2025-11-29 15:14:36.289333');
INSERT INTO "django_migrations" VALUES(11,'auth','0006_require_contenttypes_0002','2025-11-29 15:14:36.301976');
INSERT INTO "django_migrations" VALUES(12,'auth','0007_alter_validators_add_error_messages','2025-11-29 15:14:36.319151');
INSERT INTO "django_migrations" VALUES(13,'auth','0008_alter_user_username_max_length','2025-11-29 15:14:36.346915');
INSERT INTO "django_migrations" VALUES(14,'auth','0009_alter_user_last_name_max_length','2025-11-29 15:14:36.368827');
INSERT INTO "django_migrations" VALUES(15,'auth','0010_alter_group_name_max_length','2025-11-29 15:14:36.394197');
INSERT INTO "django_migrations" VALUES(16,'auth','0011_update_proxy_permissions','2025-11-29 15:14:36.411474');
INSERT INTO "django_migrations" VALUES(17,'auth','0012_alter_user_first_name_max_length','2025-11-29 15:14:36.438950');
INSERT INTO "django_migrations" VALUES(18,'sessions','0001_initial','2025-11-29 15:14:36.457338');
INSERT INTO "django_migrations" VALUES(19,'store','0001_initial','2025-11-29 15:14:36.579948');
CREATE TABLE "django_session" ("session_key" varchar(40) NOT NULL PRIMARY KEY, "session_data" text NOT NULL, "expire_date" datetime NOT NULL);
INSERT INTO "django_session" VALUES('7yhl9p9ph6z5g7dd6rvxzvttysg00g6u','.eJxVjDsOwjAQBe_iGln-xR9K-pzB2rXXOIAcKU4qxN1JpBTQvpl5bxZhW2vcOi1xyuzKNLv8bgjpSe0A-QHtPvM0t3WZkB8KP2nn45zpdTvdv4MKve71UACtRtKGXBI2BSmcA_RBBUWDtZrIFBmKKd6ZgHpXrQ8iS4UOAQr7fAHm3jgY:1vPOa6:qbwYxVmToomnlyCyuR-n6JyUWb6r0dQh1kIQxEQMyBU','2025-12-13 17:17:58.214262');
CREATE TABLE "store_cart" ("id" integer NOT NULL PRIMARY KEY AUTOINCREMENT, "created_at" datetime NOT NULL, "updated_at" datetime NOT NULL, "customer_id" bigint NOT NULL UNIQUE REFERENCES "store_customer" ("id") DEFERRABLE INITIALLY DEFERRED);
INSERT INTO "store_cart" VALUES(1,'2025-11-29 17:02:23.202395','2025-11-29 17:02:23.202395',3);
CREATE TABLE "store_cartitem" ("id" integer NOT NULL PRIMARY KEY AUTOINCREMENT, "quantity" integer NOT NULL, "added_at" datetime NOT NULL, "cart_id" bigint NOT NULL REFERENCES "store_cart" ("id") DEFERRABLE INITIALLY DEFERRED, "product_id" bigint NOT NULL REFERENCES "store_product" ("id") DEFERRABLE INITIALLY DEFERRED);
CREATE TABLE "store_category" ("id" integer NOT NULL PRIMARY KEY AUTOINCREMENT, "name" varchar(100) NOT NULL UNIQUE, "description" text NOT NULL, "created_at" datetime NOT NULL);
INSERT INTO "store_category" VALUES(1,'Electronics','Electronic devices and gadgets','2025-11-29 15:15:57.458288');
INSERT INTO "store_category" VALUES(2,'Clothing','Fashion and apparel','2025-11-29 15:15:57.562694');
INSERT INTO "store_category" VALUES(3,'Books','Books and literature','2025-11-29 15:15:57.577768');
INSERT INTO "store_category" VALUES(4,'Home & Garden','Home improvement and garden supplies','2025-11-29 15:15:57.593097');
INSERT INTO "store_category" VALUES(5,'Sports','Sports equipment and accessories','2025-11-29 15:15:57.599198');
CREATE TABLE "store_customer" ("id" integer NOT NULL PRIMARY KEY AUTOINCREMENT, "phone" varchar(15) NOT NULL, "address" text NOT NULL, "city" varchar(100) NOT NULL, "postal_code" varchar(20) NOT NULL, "country" varchar(100) NOT NULL, "created_at" datetime NOT NULL, "user_id" integer NOT NULL UNIQUE REFERENCES "auth_user" ("id") DEFERRABLE INITIALLY DEFERRED);
INSERT INTO "store_customer" VALUES(1,'555-0100','123 Main St','New York','10001','USA','2025-11-29 15:15:58.434783',1);
INSERT INTO "store_customer" VALUES(2,'555-0100','123 Main St','New York','10001','USA','2025-11-29 15:15:59.029129',2);
INSERT INTO "store_customer" VALUES(3,'','','','','','2025-11-29 17:02:16.351828',4);
CREATE TABLE "store_order" ("id" integer NOT NULL PRIMARY KEY AUTOINCREMENT, "order_date" datetime NOT NULL, "status" varchar(20) NOT NULL, "total_amount" decimal NOT NULL, "shipping_address" text NOT NULL, "notes" text NOT NULL, "customer_id" bigint NOT NULL REFERENCES "store_customer" ("id") DEFERRABLE INITIALLY DEFERRED);
INSERT INTO "store_order" VALUES(1,'2025-11-29 15:15:59.047081','delivered',1149.98,'123 Main St, New York, NY 10001','',1);
INSERT INTO "store_order" VALUES(2,'2025-11-29 17:15:40.930946','pending',999.97,'bob
abc street
xyz, 12345
USA
Phone: 123456789123','',3);
INSERT INTO "store_order" VALUES(3,'2025-11-29 17:17:22.316865','pending',999.97,'bob
abc street
xyz, 12345
USA
Phone: 123456789123','',3);
CREATE TABLE "store_orderitem" ("id" integer NOT NULL PRIMARY KEY AUTOINCREMENT, "quantity" integer NOT NULL, "price" decimal NOT NULL, "order_id" bigint NOT NULL REFERENCES "store_order" ("id") DEFERRABLE INITIALLY DEFERRED, "product_id" bigint NOT NULL REFERENCES "store_product" ("id") DEFERRABLE INITIALLY DEFERRED);
INSERT INTO "store_orderitem" VALUES(1,1,999.99,1,1);
INSERT INTO "store_orderitem" VALUES(2,1,149.99,1,3);
INSERT INTO "store_orderitem" VALUES(3,2,149.99,2,3);
INSERT INTO "store_orderitem" VALUES(4,1,699.99,2,2);
INSERT INTO "store_orderitem" VALUES(5,2,149.99,3,3);
INSERT INTO "store_orderitem" VALUES(6,1,699.99,3,2);
CREATE TABLE "store_payment" ("id" integer NOT NULL PRIMARY KEY AUTOINCREMENT, "payment_method" varchar(20) NOT NULL, "payment_status" varchar(20) NOT NULL, "amount" decimal NOT NULL, "transaction_id" varchar(100) NOT NULL, "payment_date" datetime NOT NULL, "order_id" bigint NOT NULL UNIQUE REFERENCES "store_order" ("id") DEFERRABLE INITIALLY DEFERRED);
INSERT INTO "store_payment" VALUES(1,'credit_card','completed',1149.98,'TXN123456','2025-11-29 15:15:59.083691',1);
INSERT INTO "store_payment" VALUES(2,'paypal','pending',999.97,'','2025-11-29 17:17:22.387529',3);
CREATE TABLE "store_product" ("id" integer NOT NULL PRIMARY KEY AUTOINCREMENT, "name" varchar(200) NOT NULL, "description" text NOT NULL, "price" decimal NOT NULL, "stock_quantity" integer NOT NULL, "image_url" varchar(200) NULL, "is_active" bool NOT NULL, "created_at" datetime NOT NULL, "updated_at" datetime NOT NULL, "category_id" bigint NOT NULL REFERENCES "store_category" ("id") DEFERRABLE INITIALLY DEFERRED);
INSERT INTO "store_product" VALUES(1,'Laptop','High-performance laptop for work and gaming',999.99,50,NULL,1,'2025-11-29 15:15:57.620370','2025-11-29 15:15:57.620370',1);
INSERT INTO "store_product" VALUES(2,'Smartphone','Latest smartphone with advanced features',699.99,98,NULL,1,'2025-11-29 15:15:57.692061','2025-11-29 17:17:22.371503',1);
INSERT INTO "store_product" VALUES(3,'Wireless Headphones','Noise-cancelling wireless headphones',149.99,71,NULL,1,'2025-11-29 15:15:57.718595','2025-11-29 17:17:22.348820',1);
INSERT INTO "store_product" VALUES(4,'T-Shirt','Comfortable cotton t-shirt',19.99,200,NULL,1,'2025-11-29 15:15:57.727649','2025-11-29 15:15:57.727649',2);
INSERT INTO "store_product" VALUES(5,'Jeans','Classic denim jeans',49.99,150,NULL,1,'2025-11-29 15:15:57.743993','2025-11-29 15:15:57.743993',2);
INSERT INTO "store_product" VALUES(6,'Python Programming','Learn Python programming from scratch',39.99,80,NULL,1,'2025-11-29 15:15:57.754696','2025-11-29 15:15:57.754696',3);
INSERT INTO "store_product" VALUES(7,'Fiction Novel','Bestselling fiction novel',14.99,120,NULL,1,'2025-11-29 15:15:57.767356','2025-11-29 15:15:57.767356',3);
INSERT INTO "store_product" VALUES(8,'Garden Tools Set','Complete set of garden tools',79.99,40,NULL,1,'2025-11-29 15:15:57.779231','2025-11-29 15:15:57.779231',4);
INSERT INTO "store_product" VALUES(9,'Basketball','Professional basketball',29.99,60,NULL,1,'2025-11-29 15:15:57.792847','2025-11-29 15:15:57.792847',5);
INSERT INTO "store_product" VALUES(10,'Yoga Mat','Non-slip yoga mat',24.99,90,NULL,1,'2025-11-29 15:15:57.802543','2025-11-29 15:15:57.802543',5);
CREATE TABLE "store_review" ("id" integer NOT NULL PRIMARY KEY AUTOINCREMENT, "rating" integer NOT NULL, "comment" text NOT NULL, "created_at" datetime NOT NULL, "customer_id" bigint NOT NULL REFERENCES "store_customer" ("id") DEFERRABLE INITIALLY DEFERRED, "product_id" bigint NOT NULL REFERENCES "store_product" ("id") DEFERRABLE INITIALLY DEFERRED);
INSERT INTO "store_review" VALUES(1,5,'Excellent laptop! Very fast and reliable.','2025-11-29 15:15:59.092636',1,1);
INSERT INTO "store_review" VALUES(2,4,'Great phone, but battery could be better.','2025-11-29 15:15:59.103089',2,2);
CREATE UNIQUE INDEX "auth_group_permissions_group_id_permission_id_0cd325b0_uniq" ON "auth_group_permissions" ("group_id", "permission_id");
CREATE INDEX "auth_group_permissions_group_id_b120cbf9" ON "auth_group_permissions" ("group_id");
CREATE INDEX "auth_group_permissions_permission_id_84c5c92e" ON "auth_group_permissions" ("permission_id");
CREATE UNIQUE INDEX "auth_user_groups_user_id_group_id_94350c0c_uniq" ON "auth_user_groups" ("user_id", "group_id");
CREATE INDEX "auth_user_groups_user_id_6a12ed8b" ON "auth_user_groups" ("user_id");
CREATE INDEX "auth_user_groups_group_id_97559544" ON "auth_user_groups" ("group_id");
CREATE UNIQUE INDEX "auth_user_user_permissions_user_id_permission_id_14a6b632_uniq" ON "auth_user_user_permissions" ("user_id", "permission_id");
CREATE INDEX "auth_user_user_permissions_user_id_a95ead1b" ON "auth_user_user_permissions" ("user_id");
CREATE INDEX "auth_user_user_permissions_permission_id_1fbb5f2c" ON "auth_user_user_permissions" ("permission_id");
CREATE INDEX "django_admin_log_content_type_id_c4bce8eb" ON "django_admin_log" ("content_type_id");
CREATE INDEX "django_admin_log_user_id_c564eba6" ON "django_admin_log" ("user_id");
CREATE UNIQUE INDEX "django_content_type_app_label_model_76bd3d3b_uniq" ON "django_content_type" ("app_label", "model");
CREATE UNIQUE INDEX "auth_permission_content_type_id_codename_01ab375a_uniq" ON "auth_permission" ("content_type_id", "codename");
CREATE INDEX "auth_permission_content_type_id_2f476e4b" ON "auth_permission" ("content_type_id");
CREATE INDEX "django_session_expire_date_a5c62663" ON "django_session" ("expire_date");
CREATE INDEX "store_order_customer_id_13d6d43e" ON "store_order" ("customer_id");
CREATE INDEX "store_product_category_id_574bae65" ON "store_product" ("category_id");
CREATE INDEX "store_orderitem_order_id_acf8722d" ON "store_orderitem" ("order_id");
CREATE INDEX "store_orderitem_product_id_f2b098d4" ON "store_orderitem" ("product_id");
CREATE UNIQUE INDEX "store_cartitem_cart_id_product_id_bd38e607_uniq" ON "store_cartitem" ("cart_id", "product_id");
CREATE INDEX "store_cartitem_cart_id_4f60ac05" ON "store_cartitem" ("cart_id");
CREATE INDEX "store_cartitem_product_id_4238d443" ON "store_cartitem" ("product_id");
CREATE UNIQUE INDEX "store_review_product_id_customer_id_159e0bd0_uniq" ON "store_review" ("product_id", "customer_id");
CREATE INDEX "store_review_customer_id_8a20ccc2" ON "store_review" ("customer_id");
CREATE INDEX "store_review_product_id_abc413b2" ON "store_review" ("product_id");
DELETE FROM "sqlite_sequence";
INSERT INTO "sqlite_sequence" VALUES('django_migrations',19);
INSERT INTO "sqlite_sequence" VALUES('django_admin_log',0);
INSERT INTO "sqlite_sequence" VALUES('django_content_type',15);
INSERT INTO "sqlite_sequence" VALUES('auth_permission',60);
INSERT INTO "sqlite_sequence" VALUES('auth_group',0);
INSERT INTO "sqlite_sequence" VALUES('auth_user',4);
INSERT INTO "sqlite_sequence" VALUES('store_category',5);
INSERT INTO "sqlite_sequence" VALUES('store_product',10);
INSERT INTO "sqlite_sequence" VALUES('store_customer',3);
INSERT INTO "sqlite_sequence" VALUES('store_order',3);
INSERT INTO "sqlite_sequence" VALUES('store_orderitem',6);
INSERT INTO "sqlite_sequence" VALUES('store_payment',2);
INSERT INTO "sqlite_sequence" VALUES('store_review',2);
INSERT INTO "sqlite_sequence" VALUES('store_cart',1);
INSERT INTO "sqlite_sequence" VALUES('store_cartitem',2);
COMMIT;
